distance_ft,pga_make_pct,model_make_pct,error
2,0.99,1.0,0.010000000000000009
3,0.964,0.99,0.026000000000000023
4,0.88,0.92,0.040000000000000036
5,0.77,0.86,0.08999999999999997
6,0.68,0.73,0.04999999999999993
7,0.61,0.65,0.040000000000000036
8,0.54,0.54,0.0
9,0.48,0.55,0.07000000000000006
10,0.4,0.43,0.02999999999999997
12,0.33,0.32,0.010000000000000009
15,0.23,0.0,0.23
20,0.15,0.0,0.15
